url,title,meta_description,headings,content_preview
https://thetechday.com/,Techday,,"Empower Your Vision with Our Cutting-Edge Technology Services | Ignite Innovation: Explore Our Discovery Phase Services | Crafting Custom Solutions: Your Software, Your Way | For Business",Techday Home About Us Alliances Contact Us Privacy Statement Terms of Use Our Products Experiense Servicepack Our Services Technology Services Custom Software Development FinTech Software Development Product Engineering UI/UX Design Web Development Mobile App Development QA & Testing AI & ML Development Blockchain Development DevOps Services Custom CDN Integration Our Solutions CRMPro HRMaster ProjectPlus InventoSync SocialSync EcomEdge SupportGenius Careers Employee Referral Program Jobs Contac
https://thetechday.com/mobile-app-development.html,Mobile App Development - Techday,,Transforming Your Ideas into Innovative Solutions!,Mobile App Development - Techday Home About Us Alliances Contact Us Privacy Statement Terms of Use Our Products Experiense Servicepack Our Services Technology Services Custom Software Development FinTech Software Development Product Engineering UI/UX Design Web Development Mobile App Development QA & Testing AI & ML Development Blockchain Development DevOps Services Custom CDN Integration Our Solutions CRMPro HRMaster ProjectPlus InventoSync SocialSync EcomEdge SupportGenius Careers Employee Ref
https://thetechday.com/experiense.html,Experiense - Techday,,Experiense,Experiense - Techday Home About Us Alliances Contact Us Privacy Statement Terms of Use Our Products Experiense Servicepack Our Services Technology Services Custom Software Development FinTech Software Development Product Engineering UI/UX Design Web Development Mobile App Development QA & Testing AI & ML Development Blockchain Development DevOps Services Custom CDN Integration Our Solutions CRMPro HRMaster ProjectPlus InventoSync SocialSync EcomEdge SupportGenius Careers Employee Referral Progra
https://thetechday.com/e-commerce-platform.html,EcommEdge - Techday,,Where Your Online Store Dreams Take Flight!,EcommEdge - Techday Home About Us Alliances Contact Us Privacy Statement Terms of Use Our Products Experiense Servicepack Our Services Technology Services Custom Software Development FinTech Software Development Product Engineering UI/UX Design Web Development Mobile App Development QA & Testing AI & ML Development Blockchain Development DevOps Services Custom CDN Integration Our Solutions CRMPro HRMaster ProjectPlus InventoSync SocialSync EcomEdge SupportGenius Careers Employee Referral Program
https://thetechday.com/fintech-software-development.html,FinTech Software Development - Techday,,Your Partner in FinTech Software Development!,FinTech Software Development - Techday Home About Us Alliances Contact Us Privacy Statement Terms of Use Our Products Experiense Servicepack Our Services Technology Services Custom Software Development FinTech Software Development Product Engineering UI/UX Design Web Development Mobile App Development QA & Testing AI & ML Development Blockchain Development DevOps Services Custom CDN Integration Our Solutions CRMPro HRMaster ProjectPlus InventoSync SocialSync EcomEdge SupportGenius Careers Employ
https://thetechday.com/web-development.html,Web Development - Techday,,Building Your Digital Presence from Concept to Reality!,Web Development - Techday Home About Us Alliances Contact Us Privacy Statement Terms of Use Our Products Experiense Servicepack Our Services Technology Services Custom Software Development FinTech Software Development Product Engineering UI/UX Design Web Development Mobile App Development QA & Testing AI & ML Development Blockchain Development DevOps Services Custom CDN Integration Our Solutions CRMPro HRMaster ProjectPlus InventoSync SocialSync EcomEdge SupportGenius Careers Employee Referral P
https://thetechday.com/sign-in.html,Sign In - Techday,,Sign in,Sign In - Techday Sign in Invalid Username or Password Username is Required Password is Required No account? Sign-Up! Forgot Password? Sign in Terms of use Privacy & cookies
https://thetechday.com/terms-conditions.html,Terms & Conditions - Techday,,Terms & Conditions | 1. Use of the Website | 2. Intellectual Property Rights | 3. Limitation of Liability | 4. External Links | 5. Governing Law | 6. Changes to Terms & Conditions | 7. Contact Us,Terms & Conditions - Techday Home About Us Alliances Contact Us Privacy Statement Terms of Use Our Products Experiense Servicepack Our Services Technology Services Custom Software Development FinTech Software Development Product Engineering UI/UX Design Web Development Mobile App Development QA & Testing AI & ML Development Blockchain Development DevOps Services Custom CDN Integration Our Solutions CRMPro HRMaster ProjectPlus InventoSync SocialSync EcomEdge SupportGenius Careers Employee Referra
https://thetechday.com/privacy-policy.html,Privacy Poliicy - Techday,,Privacy Policy | Information We Collect | How We Use Your Information | Information Sharing | Security | Changes to This Privacy Policy | Contact Us,Privacy Poliicy - Techday Home About Us Alliances Contact Us Privacy Statement Terms of Use Our Products Experiense Servicepack Our Services Technology Services Custom Software Development FinTech Software Development Product Engineering UI/UX Design Web Development Mobile App Development QA & Testing AI & ML Development Blockchain Development DevOps Services Custom CDN Integration Our Solutions CRMPro HRMaster ProjectPlus InventoSync SocialSync EcomEdge SupportGenius Careers Employee Referral P
https://thetechday.com/social-media-management-tool.html,SocialSync - Techday,,Your Ultimate Social Media Management Companion!,SocialSync - Techday Home About Us Alliances Contact Us Privacy Statement Terms of Use Our Products Experiense Servicepack Our Services Technology Services Custom Software Development FinTech Software Development Product Engineering UI/UX Design Web Development Mobile App Development QA & Testing AI & ML Development Blockchain Development DevOps Services Custom CDN Integration Our Solutions CRMPro HRMaster ProjectPlus InventoSync SocialSync EcomEdge SupportGenius Careers Employee Referral Progra
https://thetechday.com/servicepack.html,Servicepack - Techday,,Servicepack,Servicepack - Techday Home About Us Alliances Contact Us Privacy Statement Terms of Use Our Products Experiense Servicepack Our Services Technology Services Custom Software Development FinTech Software Development Product Engineering UI/UX Design Web Development Mobile App Development QA & Testing AI & ML Development Blockchain Development DevOps Services Custom CDN Integration Our Solutions CRMPro HRMaster ProjectPlus InventoSync SocialSync EcomEdge SupportGenius Careers Employee Referral Progr
https://thetechday.com/customer-support-ticketing-system.html,SupportGenius - Techday,,Elevating Customer Support to New Heights!,SupportGenius - Techday Home About Us Alliances Contact Us Privacy Statement Terms of Use Our Products Experiense Servicepack Our Services Technology Services Custom Software Development FinTech Software Development Product Engineering UI/UX Design Web Development Mobile App Development QA & Testing AI & ML Development Blockchain Development DevOps Services Custom CDN Integration Our Solutions CRMPro HRMaster ProjectPlus InventoSync SocialSync EcomEdge SupportGenius Careers Employee Referral Pro
https://thetechday.com/project-management-tool.html,ProjectPlus - Techday,,Your All-in-One Project Management Solution!,ProjectPlus - Techday Home About Us Alliances Contact Us Privacy Statement Terms of Use Our Products Experiense Servicepack Our Services Technology Services Custom Software Development FinTech Software Development Product Engineering UI/UX Design Web Development Mobile App Development QA & Testing AI & ML Development Blockchain Development DevOps Services Custom CDN Integration Our Solutions CRMPro HRMaster ProjectPlus InventoSync SocialSync EcomEdge SupportGenius Careers Employee Referral Progr
https://thetechday.com/jobs.html,Jobs - Techday,,"Innovate, Impact, Inspire",Jobs - Techday Home About Us Alliances Contact Us Privacy Statement Terms of Use Our Products Experiense Servicepack Our Services Technology Services Custom Software Development FinTech Software Development Product Engineering UI/UX Design Web Development Mobile App Development QA & Testing AI & ML Development Blockchain Development DevOps Services Custom CDN Integration Our Solutions CRMPro HRMaster ProjectPlus InventoSync SocialSync EcomEdge SupportGenius Careers Employee Referral Program Jobs
https://thetechday.com/product-engineering.html,Product Engineering - Techday,,Let's Turning Ideas into Reality,Product Engineering - Techday Home About Us Alliances Contact Us Privacy Statement Terms of Use Our Products Experiense Servicepack Our Services Technology Services Custom Software Development FinTech Software Development Product Engineering UI/UX Design Web Development Mobile App Development QA & Testing AI & ML Development Blockchain Development DevOps Services Custom CDN Integration Our Solutions CRMPro HRMaster ProjectPlus InventoSync SocialSync EcomEdge SupportGenius Careers Employee Referr
https://thetechday.com/sitemap.xml,,,,https://thetechday.com/ 2024-05-15T13:38:04+00:00 1.00 https://thetechday.com/index.html 2024-05-15T13:38:04+00:00 0.80 https://thetechday.com/about-us.html 2024-05-16T02:08:38+00:00 0.80 https://thetechday.com/our-services.html 2024-05-16T01:29:02+00:00 0.80 https://thetechday.com/technology-services.html 2024-05-16T01:22:58+00:00 0.80 https://thetechday.com/custom-software-development.html 2024-05-16T01:25:52+00:00 0.80 https://thetechday.com/fintech-software-development.html 2024-05-16T01:27:
https://thetechday.com/qa-testing.html,QA & Testing - Techday,,Ensuring Quality and Reliability,QA & Testing - Techday Home About Us Alliances Contact Us Privacy Statement Terms of Use Our Products Experiense Servicepack Our Services Technology Services Custom Software Development FinTech Software Development Product Engineering UI/UX Design Web Development Mobile App Development QA & Testing AI & ML Development Blockchain Development DevOps Services Custom CDN Integration Our Solutions CRMPro HRMaster ProjectPlus InventoSync SocialSync EcomEdge SupportGenius Careers Employee Referral Prog
https://thetechday.com/our-solutions.html,Our Solutions -Techday,,Comprehensive Business Solutions,Our Solutions -Techday Home About Us Alliances Contact Us Privacy Statement Terms of Use Our Products Experiense Servicepack Our Services Technology Services Custom Software Development FinTech Software Development Product Engineering UI/UX Design Web Development Mobile App Development QA & Testing AI & ML Development Blockchain Development DevOps Services Custom CDN Integration Our Solutions CRMPro HRMaster ProjectPlus InventoSync SocialSync EcomEdge SupportGenius Careers Employee Referral Prog
https://thetechday.com/technology-services.html,Technology Services - Techday,,Where Technology Transforms Possibilities into Realities!,Technology Services - Techday Home About Us Alliances Contact Us Privacy Statement Terms of Use Our Products Experiense Servicepack Our Services Technology Services Custom Software Development FinTech Software Development Product Engineering UI/UX Design Web Development Mobile App Development QA & Testing AI & ML Development Blockchain Development DevOps Services Custom CDN Integration Our Solutions CRMPro HRMaster ProjectPlus InventoSync SocialSync EcomEdge SupportGenius Careers Employee Referr
https://thetechday.com/customer-relationship-management.html,CRMPro - Techday,,Your Partner in Streamlining Customer Relationships!,CRMPro - Techday Home About Us Alliances Contact Us Privacy Statement Terms of Use Our Products Experiense Servicepack Our Services Technology Services Custom Software Development FinTech Software Development Product Engineering UI/UX Design Web Development Mobile App Development QA & Testing AI & ML Development Blockchain Development DevOps Services Custom CDN Integration Our Solutions CRMPro HRMaster ProjectPlus InventoSync SocialSync EcomEdge SupportGenius Careers Employee Referral Program Jo
https://thetechday.com/blockchain-development.html,Blockchain Development - Techday,,Building Trust Through Innovative Blockchain Solutions!,Blockchain Development - Techday Home About Us Alliances Contact Us Privacy Statement Terms of Use Our Products Experiense Servicepack Our Services Technology Services Custom Software Development FinTech Software Development Product Engineering UI/UX Design Web Development Mobile App Development QA & Testing AI & ML Development Blockchain Development DevOps Services Custom CDN Integration Our Solutions CRMPro HRMaster ProjectPlus InventoSync SocialSync EcomEdge SupportGenius Careers Employee Ref
https://thetechday.com/inventory-management-system.html,InventoSync - Techday,,Your Key to Efficient and Streamlined Operations!,InventoSync - Techday Home About Us Alliances Contact Us Privacy Statement Terms of Use Our Products Experiense Servicepack Our Services Technology Services Custom Software Development FinTech Software Development Product Engineering UI/UX Design Web Development Mobile App Development QA & Testing AI & ML Development Blockchain Development DevOps Services Custom CDN Integration Our Solutions CRMPro HRMaster ProjectPlus InventoSync SocialSync EcomEdge SupportGenius Careers Employee Referral Progr
https://thetechday.com/ui-ux-design.html,UI UX Design - Techday,,User-Centered UI/UX Design Services,UI UX Design - Techday Home About Us Alliances Contact Us Privacy Statement Terms of Use Our Products Experiense Servicepack Our Services Technology Services Custom Software Development FinTech Software Development Product Engineering UI/UX Design Web Development Mobile App Development QA & Testing AI & ML Development Blockchain Development DevOps Services Custom CDN Integration Our Solutions CRMPro HRMaster ProjectPlus InventoSync SocialSync EcomEdge SupportGenius Careers Employee Referral Prog
https://thetechday.com/human-resource-management.html,HRMaster - Techday,,Your Compassionate Guide to Building Stronger Teams!,HRMaster - Techday Home About Us Alliances Contact Us Privacy Statement Terms of Use Our Products Experiense Servicepack Our Services Technology Services Custom Software Development FinTech Software Development Product Engineering UI/UX Design Web Development Mobile App Development QA & Testing AI & ML Development Blockchain Development DevOps Services Custom CDN Integration Our Solutions CRMPro HRMaster ProjectPlus InventoSync SocialSync EcomEdge SupportGenius Careers Employee Referral Program 
https://thetechday.com/index.html,Techday,,"Empower Your Vision with Our Cutting-Edge Technology Services | Ignite Innovation: Explore Our Discovery Phase Services | Crafting Custom Solutions: Your Software, Your Way | For Business",Techday Home About Us Alliances Contact Us Privacy Statement Terms of Use Our Products Experiense Servicepack Our Services Technology Services Custom Software Development FinTech Software Development Product Engineering UI/UX Design Web Development Mobile App Development QA & Testing AI & ML Development Blockchain Development DevOps Services Custom CDN Integration Our Solutions CRMPro HRMaster ProjectPlus InventoSync SocialSync EcomEdge SupportGenius Careers Employee Referral Program Jobs Contac
https://thetechday.com/contact-us.html,Contact Us - Techday,,,Contact Us - Techday Home About Us Alliances Contact Us Privacy Statement Terms of Use Our Products Experiense Servicepack Our Services Technology Services Custom Software Development FinTech Software Development Product Engineering UI/UX Design Web Development Mobile App Development QA & Testing AI & ML Development Blockchain Development DevOps Services Custom CDN Integration Our Solutions CRMPro HRMaster ProjectPlus InventoSync SocialSync EcomEdge SupportGenius Careers Employee Referral Progra
https://thetechday.com/ai-ml-development.html,AI & ML Development - Techday,,Harness the Power of Artificial Intelligence,AI & ML Development - Techday Home About Us Alliances Contact Us Privacy Statement Terms of Use Our Products Experiense Servicepack Our Services Technology Services Custom Software Development FinTech Software Development Product Engineering UI/UX Design Web Development Mobile App Development QA & Testing AI & ML Development Blockchain Development DevOps Services Custom CDN Integration Our Solutions CRMPro HRMaster ProjectPlus InventoSync SocialSync EcomEdge SupportGenius Careers Employee Referr
https://thetechday.com/employee-referral-program.html,Employee Referral Program - Techday,,Empower Your Network: Refer & Earn!,Employee Referral Program - Techday Home About Us Alliances Contact Us Privacy Statement Terms of Use Our Products Experiense Servicepack Our Services Technology Services Custom Software Development FinTech Software Development Product Engineering UI/UX Design Web Development Mobile App Development QA & Testing AI & ML Development Blockchain Development DevOps Services Custom CDN Integration Our Solutions CRMPro HRMaster ProjectPlus InventoSync SocialSync EcomEdge SupportGenius Careers Employee 
https://thetechday.com/discovery-phase.html,Discovery Phase - Techday,,"Discovering Insights, Fueling Innovation!",Discovery Phase - Techday Home About Us Alliances Contact Us Privacy Statement Terms of Use Our Products Experiense Servicepack Our Services Technology Services Custom Software Development FinTech Software Development Product Engineering UI/UX Design Web Development Mobile App Development QA & Testing AI & ML Development Blockchain Development DevOps Services Custom CDN Integration Our Solutions CRMPro HRMaster ProjectPlus InventoSync SocialSync EcomEdge SupportGenius Careers Employee Referral P
https://thetechday.com/alliances.html,alliances - Techday,,Alliances | For Business,alliances - Techday Home About Us Alliances Contact Us Privacy Statement Terms of Use Our Products Experiense Servicepack Our Services Technology Services Custom Software Development FinTech Software Development Product Engineering UI/UX Design Web Development Mobile App Development QA & Testing AI & ML Development Blockchain Development DevOps Services Custom CDN Integration Our Solutions CRMPro HRMaster ProjectPlus InventoSync SocialSync EcomEdge SupportGenius Careers Employee Referral Program
https://thetechday.com/our-services.html,Our Services - Techday,,Empowerment Through Technology,Our Services - Techday Home About Us Alliances Contact Us Privacy Statement Terms of Use Our Products Experiense Servicepack Our Services Technology Services Custom Software Development FinTech Software Development Product Engineering UI/UX Design Web Development Mobile App Development QA & Testing AI & ML Development Blockchain Development DevOps Services Custom CDN Integration Our Solutions CRMPro HRMaster ProjectPlus InventoSync SocialSync EcomEdge SupportGenius Careers Employee Referral Prog
https://thetechday.com/devops-services.html,DevOps Services - Techday,,Where Collaboration and Efficiency Drive Your Success!,DevOps Services - Techday Home About Us Alliances Contact Us Privacy Statement Terms of Use Our Products Experiense Servicepack Our Services Technology Services Custom Software Development FinTech Software Development Product Engineering UI/UX Design Web Development Mobile App Development QA & Testing AI & ML Development Blockchain Development DevOps Services Custom CDN Integration Our Solutions CRMPro HRMaster ProjectPlus InventoSync SocialSync EcomEdge SupportGenius Careers Employee Referral P
https://thetechday.com/custom-cdn-integration.html,Custom CDN Integration - Techday,,Streamlining Performance with CDN Integration!,Custom CDN Integration - Techday Home About Us Alliances Contact Us Privacy Statement Terms of Use Our Products Experiense Servicepack Our Services Technology Services Custom Software Development FinTech Software Development Product Engineering UI/UX Design Web Development Mobile App Development QA & Testing AI & ML Development Blockchain Development DevOps Services Custom CDN Integration Our Solutions CRMPro HRMaster ProjectPlus InventoSync SocialSync EcomEdge SupportGenius Careers Employee Ref
https://thetechday.com/sign-up.html,Sign Up - Techday,,Sign Up,Sign Up - Techday Sign Up Success! Account pending admin approval. Username is Required Email is Required Mobile number is Required Password is Required Confirm password is Required Already have an account? Sign in Sign Up Terms of use Privacy & cookies
https://thetechday.com/forgot-password.html,Forgot Password - Techday,,Forgot Password?,Forgot Password - Techday Forgot Password? Invalid Email Address Email ID is Required Submit Terms of use Privacy & cookies
https://thetechday.com/web-design.html,Web Design - Techday,,Crafting Digital Experiences that Captivate & Connect!,Web Design - Techday Home About Us Alliances Contact Us Privacy Statement Terms of Use Our Products Experiense Servicepack Our Services Technology Services Custom Software Development FinTech Software Development Product Engineering UI/UX Design Web Development Mobile App Development QA & Testing AI & ML Development Blockchain Development DevOps Services Custom CDN Integration Our Solutions CRMPro HRMaster ProjectPlus InventoSync SocialSync EcomEdge SupportGenius Careers Employee Referral Progra
https://thetechday.com/virtual-cto-services.html,Virtual CTO Services - Techday,,Your Trusted Partner in Technology Leadership!,Virtual CTO Services - Techday Home About Us Alliances Contact Us Privacy Statement Terms of Use Our Products Experiense Servicepack Our Services Technology Services Custom Software Development FinTech Software Development Product Engineering UI/UX Design Web Development Mobile App Development QA & Testing AI & ML Development Blockchain Development DevOps Services Custom CDN Integration Our Solutions CRMPro HRMaster ProjectPlus InventoSync SocialSync EcomEdge SupportGenius Careers Employee Refer
